swa_code,display_name,lane_names,note
11,National Highways,,Strategic road network in England; no byways.
16,Welsh Government,,Trunk roads in Wales; no byways.
20,Transport for London,,GLA roads in London; no byways.
114,Bath and North East Somerset Council,Bath and North East Somerset,
116,Bristol City Council,City of Bristol,
119,South Gloucestershire Council,South Gloucestershire,
121,North Somerset Council,North Somerset,
230,Luton Borough Council,,
235,Bedford Borough Council,Bedford,
240,Central Bedfordshire Council,Central Bedfordshire,
335,Bracknell Forest Council,Bracknell Forest,
340,West Berkshire Council,West Berkshire,
345,Reading Borough Council,Reading,
350,Slough Borough Council,Slough,
355,Royal Borough of Windsor and Maidenhead,Windsor and Maidenhead,
360,Wokingham Borough Council,Wokingham,
435,Milton Keynes City Council,Milton Keynes,
440,Buckinghamshire Council,Buckinghamshire,
535,Cambridgeshire County Council,Cambridgeshire,
540,Peterborough City Council,City of Peterborough,
650,Halton Borough Council,Halton,
655,Warrington Borough Council,Warrington,
660,Cheshire East Council,Cheshire East,
665,Cheshire West and Chester Council,Cheshire West and Chester,
724,Hartlepool Borough Council,,
728,Redcar and Cleveland Borough Council,Redcar and Cleveland,
734,Middlesbrough Borough Council,Middlesbrough,
738,Stockton-on-Tees Borough Council,Stockton on Tees,
835,Council of the Isles of Scilly,,
840,Cornwall Council,Cornwall,
935,Westmorland and Furness Council,Cumbria;Lake District National Park;Westmorland and Furness,"Cumbria County Council was abolished on 1 April 2023; rowmaps still files its lanes as Cumbria, so they are listed under both successors. Also the highway authority for most of the Lake District National Park."
940,Cumberland Council,Cumbria;Lake District National Park,"Cumbria County Council was abolished on 1 April 2023; rowmaps still files its lanes as Cumbria, so they are listed under both successors. Also the highway authority for the north-west of the Lake District National Park."
1050,Derbyshire County Council,Derbyshire,
1055,Derby City Council,City of Derby,
1155,Devon County Council,Devon,
1160,Plymouth City Council,City of Plymouth,
1165,Torbay Council,Torbay,
1260,"Bournemouth, Christchurch and Poole Council","Bournemouth, Christchurch and Poole",
1265,Dorset Council,Dorset,
1350,Darlington Borough Council,Darlington,
1355,Durham County Council,Durham,
1440,East Sussex County Council,East Sussex,
1445,Brighton & Hove City Council,City of Brighton and Hove,
1585,Essex County Council,Essex,
1590,Southend-on-Sea City Council,,
1595,Thurrock Council,Thurrock,
1600,Gloucestershire County Council,Gloucestershire,
1770,Hampshire County Council,Hampshire,
1775,Portsmouth City Council,City of Portsmouth,
1780,Southampton City Council,City of Southampton,
1850,Herefordshire Council,Herefordshire,
1855,Worcestershire County Council,Worcestershire,
1900,Hertfordshire County Council,Hertfordshire,
2001,East Riding of Yorkshire Council,East Riding of Yorkshire,
2002,North East Lincolnshire Council,North East Lincolnshire,
2003,North Lincolnshire Council,North Lincolnshire,
2004,Hull City Council,City of Kingston upon Hull,
2114,Isle of Wight Council,Isle of Wight,
2275,Kent County Council,Kent,
2280,Medway Council,Medway,
2371,Lancashire County Council,Lancashire,
2372,Blackburn with Darwen Borough Council,Blackburn with Darwen,
2373,Blackpool Borough Council,Blackpool,
2460,Leicestershire County Council,Leicestershire,
2465,Leicester City Council,City of Leicester,
2470,Rutland County Council,Rutland,
2500,Lincolnshire County Council,Lincolnshire,
2600,Norfolk County Council,Norfolk,
2741,City of York Council,York,
2745,North Yorkshire Council,North Yorkshire,
2840,North Northamptonshire Council,North Northamptonshire,
2845,West Northamptonshire Council,West Northamptonshire,
2935,Northumberland County Council,Northumberland,
3055,Nottinghamshire County Council,Nottinghamshire,
3060,Nottingham City Council,City of Nottingham,
3100,Oxfordshire County Council,Oxfordshire,
3240,Telford & Wrekin Council,Telford and Wrekin,
3245,Shropshire Council,Shropshire,
3300,Somerset Council,Somerset,
3450,Staffordshire County Council,Staffordshire,
3455,Stoke-on-Trent City Council,,
3500,Suffolk County Council,Suffolk,
3600,Surrey County Council,Surrey,
3700,Warwickshire County Council,Warwickshire,
3800,West Sussex County Council,West Sussex,
3935,Swindon Borough Council,Swindon,
3940,Wiltshire Council,Wiltshire,
4205,Bolton Metropolitan Borough Council,Bolton,
4210,Bury Metropolitan Borough Council,Bury,
4215,Manchester City Council,Manchester,
4220,Oldham Metropolitan Borough Council,Oldham,
4225,Rochdale Borough Council,Rochdale,
4230,Salford City Council,Salford,
4235,Stockport Metropolitan Borough Council,Stockport,
4240,Tameside Metropolitan Borough Council,Tameside,
4245,Trafford Metropolitan Borough Council,Trafford,
4250,Wigan Metropolitan Borough Council,Wigan,
4305,Knowsley Metropolitan Borough Council,Knowsley,
4310,Liverpool City Council,Liverpool,
4315,St Helens Council,St Helens,
4320,Sefton Metropolitan Borough Council,Sefton,
4325,Wirral Borough Council,Wirral,
4405,Barnsley Metropolitan Borough Council,Barnsley,
4410,City of Doncaster Council,Doncaster,
4415,Rotherham Metropolitan Borough Council,Rotherham,
4420,Sheffield City Council,Sheffield,
4505,Gateshead Metropolitan Borough Council,Gateshead,
4510,Newcastle City Council,Newcastle upon Tyne,
4515,North Tyneside Council,,
4520,South Tyneside Council,South Tyneside,
4525,Sunderland City Council,Sunderland,
4605,Birmingham City Council,Birmingham,
4610,Coventry City Council,Coventry,
4615,Dudley Metropolitan Borough Council,Dudley,
4620,Sandwell Metropolitan Borough Council,Sandwell,
4625,Solihull Metropolitan Borough Council,Solihull,
4630,Walsall Metropolitan Borough Council,Walsall,
4635,City of Wolverhampton Council,City of Wolverhampton,
4705,City of Bradford Metropolitan District Council,Bradford,
4710,Calderdale Metropolitan Borough Council,Calderdale,
4715,Kirklees Council,Kirklees,
4720,Leeds City Council,Leeds,
4725,City of Wakefield Metropolitan District Council,Wakefield,
5030,City of London Corporation,,
5060,London Borough of Barking and Dagenham,Barking and Dagenham,
5090,London Borough of Barnet,,
5120,London Borough of Bexley,Bexley,
5150,London Borough of Brent,,
5180,London Borough of Bromley,Bromley,
5210,London Borough of Camden,,
5240,London Borough of Croydon,,
5270,London Borough of Ealing,Ealing,
5300,London Borough of Enfield,,
5330,Royal Borough of Greenwich,,
5360,London Borough of Hackney,,
5390,London Borough of Hammersmith & Fulham,,
5420,London Borough of Haringey,Haringey,
5450,London Borough of Harrow,,
5480,London Borough of Havering,,
5510,London Borough of Hillingdon,Hillingdon,
5540,London Borough of Hounslow,Hounslow,
5570,London Borough of Islington,,
5600,Royal Borough of Kensington and Chelsea,,
5630,Royal Borough of Kingston upon Thames,Kingston upon Thames,
5660,London Borough of Lambeth,,
5690,London Borough of Lewisham,,
5720,London Borough of Merton,,
5750,London Borough of Newham,,
5780,London Borough of Redbridge,Redbridge,
5810,London Borough of Richmond upon Thames,,
5840,London Borough of Southwark,,
5870,London Borough of Sutton,Sutton,
5900,London Borough of Tower Hamlets,,
5930,London Borough of Waltham Forest,Waltham Forest,
5960,London Borough of Wandsworth,,
5990,City of Westminster,,
6805,Isle of Anglesey County Council,Isle of Anglesey,
6810,Gwynedd Council,Gwynedd,
6815,City of Cardiff Council,Cardiff,
6820,Ceredigion County Council,Ceredigion,
6825,Carmarthenshire County Council,Brecon Beacons National Park;Carmarthenshire,Highway authority for part of Bannau Brycheiniog (Brecon Beacons) National Park.
6830,Denbighshire County Council,Denbighshire,
6835,Flintshire County Council,Flintshire,
6840,Monmouthshire County Council,Brecon Beacons National Park;Monmouthshire,Highway authority for part of Bannau Brycheiniog (Brecon Beacons) National Park.
6845,Pembrokeshire County Council,Pembrokeshire,
6850,Powys County Council,Brecon Beacons National Park;Powys,Highway authority for part of Bannau Brycheiniog (Brecon Beacons) National Park.
6855,City and County of Swansea Council,Swansea,
6905,Conwy County Borough Council,Conwy,
6910,Blaenau Gwent County Borough Council,Blaenau Gwent;Brecon Beacons National Park,Highway authority for part of Bannau Brycheiniog (Brecon Beacons) National Park.
6915,Bridgend County Borough Council,Bridgend,
6920,Caerphilly County Borough Council,Caerphilly,
6925,Merthyr Tydfil County Borough Council,Brecon Beacons National Park;Merthyr Tydfil,Highway authority for part of Bannau Brycheiniog (Brecon Beacons) National Park.
6930,Neath Port Talbot County Borough Council,Neath Port Talbot,
6935,Newport City Council,Newport,
6940,Rhondda Cynon Taf County Borough Council,Brecon Beacons National Park;Rhondda Cynon Taff,Highway authority for part of Bannau Brycheiniog (Brecon Beacons) National Park.
6945,Torfaen County Borough Council,Brecon Beacons National Park;Torfaen,Highway authority for part of Bannau Brycheiniog (Brecon Beacons) National Park.
6950,Vale of Glamorgan Council,Vale of Glamorgan,
6955,Wrexham County Borough Council,Wrexham,
,Lake District National Park Authority,Lake District National Park,"UNMAPPED: may make orders on byways in the park (RTRA 1984 s.22BB) but holds no GeoPlace SWA code, and no D-TRO code for it has been seen. A blank code says nothing rather than guess."
,Bannau Brycheiniog National Park Authority,Brecon Beacons National Park,"UNMAPPED: may make orders on byways in the park (RTRA 1984 s.22BB) but holds no GeoPlace SWA code, and no D-TRO code for it has been seen. A blank code says nothing rather than guess."
